{
  "demo": {
    "precision": 1.0,
    "recall": 0.9782608695652174,
    "f1-score": 0.989010989010989,
    "support": 46
  },
  "work_environment": {
    "precision": 1.0,
    "recall": 1.0,
    "f1-score": 1.0,
    "support": 5
  },
  "mode": {
    "precision": 1.0,
    "recall": 1.0,
    "f1-score": 1.0,
    "support": 7
  },
  "control_command": {
    "precision": 1.0,
    "recall": 1.0,
    "f1-score": 1.0,
    "support": 8
  },
  "micro avg": {
    "precision": 1.0,
    "recall": 0.9848484848484849,
    "f1-score": 0.9923664122137404,
    "support": 66
  },
  "macro avg": {
    "precision": 1.0,
    "recall": 0.9945652173913043,
    "f1-score": 0.9972527472527473,
    "support": 66
  },
  "weighted avg": {
    "precision": 1.0,
    "recall": 0.9848484848484849,
    "f1-score": 0.9923409923409923,
    "support": 66
  }
}