{
  "control_command": {
    "precision": 1.0,
    "recall": 1.0,
    "f1-score": 1.0,
    "support": 8
  },
  "demo": {
    "precision": 1.0,
    "recall": 0.9777777777777777,
    "f1-score": 0.9887640449438202,
    "support": 45
  },
  "color": {
    "precision": 1.0,
    "recall": 1.0,
    "f1-score": 1.0,
    "support": 6
  },
  "micro avg": {
    "precision": 1.0,
    "recall": 0.9830508474576272,
    "f1-score": 0.9914529914529915,
    "support": 59
  },
  "macro avg": {
    "precision": 1.0,
    "recall": 0.9925925925925926,
    "f1-score": 0.99625468164794,
    "support": 59
  },
  "weighted avg": {
    "precision": 1.0,
    "recall": 0.9830508474576272,
    "f1-score": 0.9914302037707103,
    "support": 59
  }
}